"","Model","McFadden_R2"
"1","Model A",0.105896018653161
"2","Model B",0.169311224387455
"3","Model C",0.169653771227048
